Terms Appearing within 50 Words of “[Zz]erknirsch”,,
Portion of All Occurrences,Occurrences,Term
100.00%,15,zerknirschung
100.00%,4,spiegellos
100.00%,3,gnadenlohn
100.00%,3,zerknirschte
100.00%,2,abtuend
100.00%,2,anschwillt
100.00%,2,auftauchen
100.00%,2,außerkreatürlichen
100.00%,2,bewußtlos
100.00%,2,freuten
100.00%,2,stillgroße
100.00%,2,taub
100.00%,2,tiefgebückt
100.00%,2,zerknirscht
100.00%,2,zerknirschten
100.00%,1,aberzerknirschung
100.00%,1,abgewehrte
100.00%,1,abschälend
100.00%,1,abstürzend
100.00%,1,abzuwehren
100.00%,1,allleerheit
100.00%,1,angstausgeliefertheit
100.00%,1,angstübersteigerung
100.00%,1,anhebend
100.00%,1,anheimgegebenheit
100.00%,1,antwortentkleidet
100.00%,1,auferlegte
100.00%,1,auffordert
100.00%,1,aufraffen
100.00%,1,aufrufend
100.00%,1,aufweist
100.00%,1,ausblasend
100.00%,1,ausgebreiteten
100.00%,1,ausgelöschte
100.00%,1,ausgesonderte
100.00%,1,barmherzigkeit
100.00%,1,belasteten
100.00%,1,bewußtseinsbar
100.00%,1,bilddurchströmt
100.00%,1,bildgetragen
100.00%,1,bildumgaukelt
100.00%,1,blindsüchtig
100.00%,1,blindunbewegten
100.00%,1,dahinwesens
100.00%,1,dämmerungsverflossen
100.00%,1,demütiges
100.00%,1,demütigster
100.00%,1,dringlicheres
100.00%,1,drohungsschweigenden
100.00%,1,drohungsträchtige
100.00%,1,drohungsunterworfene
100.00%,1,dunkelheitsgeborene
100.00%,1,durchbrochenen
100.00%,1,durchspähen
100.00%,1,eingeduckt
100.00%,1,eingemündet
100.00%,1,einsamkeitskleinheit
100.00%,1,einsickernde
100.00%,1,einverpflanzte
100.00%,1,entäußern
100.00%,1,entfernterem
100.00%,1,entsetzensgejagte
100.00%,1,erbärmlich
100.00%,1,erforschend
100.00%,1,erfreuten
100.00%,1,ergreift
100.00%,1,erkennbaren
100.00%,1,erlebens
100.00%,1,erlöschenden
100.00%,1,erniedrigung
100.00%,1,ertaubt
100.00%,1,fernlosen
100.00%,1,fleisch
100.00%,1,fluchterstarrt
100.00%,1,fluchtgelähmt
100.00%,1,flüstere
100.00%,1,frageentkleidet
100.00%,1,funkenkichernden
100.00%,1,furchttragende
100.00%,1,gebietend
100.00%,1,gedemütigt
100.00%,1,gehetztseins
100.00%,1,gelähmtlähmenden
100.00%,1,gerippe
100.00%,1,gewährenlassen
100.00%,1,gewaltlosen
100.00%,1,gleichnishaftigkeit
100.00%,1,gliedern
100.00%,1,göttergesetzte
100.00%,1,göttinnen
100.00%,1,gottweiber
100.00%,1,grauensfurcht
100.00%,1,grauenskrampf
100.00%,1,grauensstillstand
100.00%,1,grenzenloser
100.00%,1,heimbringen
100.00%,1,herdengeborenen
100.00%,1,herdenstück
100.00%,1,hineingedemütigt
100.00%,1,hineingeschleudert
100.00%,1,hinflutende
100.00%,1,hingeworfenheit
100.00%,1,höllendunst
100.00%,1,ichverlustig
100.00%,1,irrsinnsgeschwängert
100.00%,1,irrsinnsverlockend
100.00%,1,kicherten
100.00%,1,kleineinsam
100.00%,1,kleinsten
100.00%,1,kratern
100.00%,1,kriecht
100.00%,1,lachennahe
100.00%,1,lechzend
100.00%,1,lecken
100.00%,1,leerheitin
100.00%,1,leerheitsumschlingung
100.00%,1,leiseres
100.00%,1,machtausstrahlung
100.00%,1,mark
100.00%,1,menschtum
100.00%,1,mildtätige
100.00%,1,nachtausströmend
100.00%,1,nacktheitsschuld
100.00%,1,namensaufruf
100.00%,1,nichtmehrbestehens
100.00%,1,nichtmehrerlebens
100.00%,1,nichtzubewältigende
100.00%,1,nochbewegten
100.00%,1,nochlebendigen
100.00%,1,nochnichterlebens
100.00%,1,preisgegebenpreisgebenden
100.00%,1,rannte
100.00%,1,raunen
100.00%,1,raunenden
100.00%,1,rückhaltlosen
100.00%,1,schädelhängend
100.00%,1,scheinsein
100.00%,1,scheintoter
100.00%,1,scheintotes
100.00%,1,schicksalslachen
100.00%,1,schießt
100.00%,1,schwarzkristallenen
100.00%,1,schwarzunsichtbaren
100.00%,1,silberrieselnden
100.00%,1,sinnverdichtung
100.00%,1,spiegellosen
100.00%,1,starrender
100.00%,1,steinlabyrinth
100.00%,1,stimmengetümmel
100.00%,1,todesfratzen
100.00%,1,todesgekreisch
100.00%,1,todesleere
100.00%,1,traumesferne
100.00%,1,umgeschlagen
100.00%,1,unabänderlichungelöst
100.00%,1,unausbleibliche
100.00%,1,unausweichliche
100.00%,1,unbenennbaren
100.00%,1,undenkens
100.00%,1,unerfühlbaren
100.00%,1,ungefragte
100.00%,1,unsichtbardurchsichtigen
100.00%,1,unzerstörbar
100.00%,1,urgrundes
100.00%,1,urtierischesten
100.00%,1,urtierischester
100.00%,1,vateranrede
100.00%,1,vereinsamende
100.00%,1,vergeltung
100.00%,1,verirrung
100.00%,1,verklingend
100.00%,1,verklingender
100.00%,1,verlassenstes
100.00%,1,verlustigt
100.00%,1,versickern
100.00%,1,versprengtverirrtes
100.00%,1,vielleichtgewußt
100.00%,1,vorschöpflich
100.00%,1,wachsame
100.00%,1,weibslachen
100.00%,1,weltenleere
100.00%,1,weltenmeineides
100.00%,1,wesenhaften
100.00%,1,widerfahrenen
100.00%,1,wissensfähigkeit
100.00%,1,wissensleerheit
100.00%,1,wissensrest
100.00%,1,wortloses
100.00%,1,wortlosigkeit
100.00%,1,zerknirschende
100.00%,1,zerknirschtesten
100.00%,1,zerknirschungsbereitschaft
100.00%,1,zerstäubend
100.00%,1,zerstören
100.00%,1,zugeschnürt
100.00%,1,zurückfliehen
100.00%,1,zurückgeschleudert
100.00%,1,zusammengepreßt
100.00%,1,zweitem
75.00%,3,geschleudert
75.00%,3,kichern
75.00%,3,rache
71.43%,5,mut
66.67%,2,niedergezwungen
66.67%,2,unausgesetzt
60.00%,3,zusammenklang
50.00%,4,demut
50.00%,2,stammte
50.00%,2,wortlos
50.00%,2,zurückgeworfen
50.00%,1,abfinden
50.00%,1,allstummheit
50.00%,1,aufrecht
50.00%,1,ausgelöschtheit
50.00%,1,begnadung
50.00%,1,beschreiben
50.00%,1,bewußtlosigkeit
50.00%,1,demütig
50.00%,1,diesseitig
50.00%,1,eidbrüchige
50.00%,1,engere
50.00%,1,entblößen
50.00%,1,entgehen
50.00%,1,erfühlend
50.00%,1,erträgt
50.00%,1,flache
50.00%,1,flüsternden
50.00%,1,gänzlich
50.00%,1,grauensangst
50.00%,1,greift
50.00%,1,haltend
50.00%,1,heischende
50.00%,1,herstammend
50.00%,1,horchte
50.00%,1,irgendwelche
50.00%,1,knochen
50.00%,1,kreatürlich
50.00%,1,läge
50.00%,1,lohn
50.00%,1,morgendlich
50.00%,1,nachteinströmend
50.00%,1,nacktes
50.00%,1,neubeginns
50.00%,1,preisgabe
50.00%,1,schrekken
50.00%,1,schwoll
50.00%,1,sehnsüchtigen
50.00%,1,seinsrest
50.00%,1,stimmenmannigfaltigkeit
50.00%,1,stimmherden
50.00%,1,tiefstem
50.00%,1,tones
50.00%,1,trockene
50.00%,1,trockenheit
50.00%,1,übrigbleibt
50.00%,1,übten
50.00%,1,umhüllend
50.00%,1,unerfaßbar
50.00%,1,ungeformten
50.00%,1,ungeheures
50.00%,1,ungeschehen
50.00%,1,verkündenden
50.00%,1,verlorenen
50.00%,1,weset
50.00%,1,wiederaufgenommen
50.00%,1,wiedergeboren
50.00%,1,wortlose
50.00%,1,zurückfindet
44.44%,4,tot
42.86%,3,flüstern
40.00%,2,abtun
40.00%,2,anheimgegeben
40.00%,2,gültig
40.00%,2,schichten
40.00%,2,tuns
38.46%,5,wehe
33.33%,3,leerheit
33.33%,2,kleinheit
33.33%,2,unmittelbarer
33.33%,1,abstreifen
33.33%,1,angekündigt
33.33%,1,aufeinander
33.33%,1,ausweglos
33.33%,1,beraubt
33.33%,1,bereiche
33.33%,1,bricht
33.33%,1,durchbrochen
33.33%,1,eigenschaften
33.33%,1,eindringend
33.33%,1,ernüchterte
33.33%,1,gebüsch
33.33%,1,gedanke
33.33%,1,glockenton
33.33%,1,härtester
33.33%,1,hörbild
33.33%,1,kroch
33.33%,1,meineidige
33.33%,1,nochmalige
33.33%,1,ohnmacht
33.33%,1,ohre
33.33%,1,schlossen
33.33%,1,selbstbetrug
33.33%,1,statthatte
33.33%,1,sühne
33.33%,1,tierartig
33.33%,1,tierhaft
33.33%,1,tierische
33.33%,1,überlegung
33.33%,1,übermacht
33.33%,1,unerkennbaren
33.33%,1,unterwerfen
33.33%,1,unwandelbar
33.33%,1,vergangenen
33.33%,1,wiedererkannt
33.33%,1,wiederpreisgegebenheit
30.77%,4,kreatürlichen
28.57%,2,erfüllend
28.57%,2,preisgegeben
25.00%,6,innersten
25.00%,3,kreatürliche
25.00%,2,menschentums
25.00%,2,verdoppelt
25.00%,1,ansteigend
25.00%,1,aufbrechen
25.00%,1,befehlend
25.00%,1,erkennende
25.00%,1,erkennenden
25.00%,1,fliehen
25.00%,1,freien
25.00%,1,gottähnlichkeit
25.00%,1,meineid
25.00%,1,nackteste
25.00%,1,rötlichen
25.00%,1,schacht
25.00%,1,seienden
25.00%,1,unerschaffenheit
25.00%,1,ungeheueren
25.00%,1,vieler
25.00%,1,vollbringen
25.00%,1,wänden
25.00%,1,zitternd
25.00%,1,zukünftigen
22.22%,2,gewandelt
22.00%,11,jenseits
20.00%,1,bruchstück
20.00%,1,dröhnen
20.00%,1,furchtbare
20.00%,1,gefieder
20.00%,1,geiste
20.00%,1,geraten
20.00%,1,grenzenlosigkeit
20.00%,1,huschend
20.00%,1,last
20.00%,1,lider
20.00%,1,mannslachen
20.00%,1,ohr
20.00%,1,sanften
20.00%,1,schieren
20.00%,1,übermächtigen
20.00%,1,unabweislich
20.00%,1,unerfaßliche
20.00%,1,ununterscheidbare
20.00%,1,verfließend
20.00%,1,wache
18.18%,2,dunkle
18.18%,2,hinein
18.18%,2,unraum
18.18%,2,vernehmbar
16.67%,2,furcht
16.67%,2,herzen
16.67%,1,armen
16.67%,1,aufgesaugt
16.67%,1,blickes
16.67%,1,dünn
16.67%,1,entsetzens
16.67%,1,erloschen
16.67%,1,gebührt
16.67%,1,gelernt
16.67%,1,geschöpf
16.67%,1,nackte
16.67%,1,reinheit
16.67%,1,scheintod
16.67%,1,unentrinnbarkeit
16.67%,1,unhörbaren
16.67%,1,ununterscheidbaren
16.67%,1,urbeginn
16.67%,1,verdammt
16.67%,1,vereinigung
15.79%,3,gewalt
15.38%,6,flucht
15.38%,2,großer
15.38%,2,herum
14.29%,3,leeren
14.29%,3,traume
14.29%,1,ausgeliefert
14.29%,1,bereitschaft
14.29%,1,bogen
14.29%,1,feuchte
14.29%,1,gestürzt
14.29%,1,gewachsen
14.29%,1,grauens
14.29%,1,kälte
14.29%,1,seitdem
14.29%,1,steten
14.29%,1,tieres
14.29%,1,tierhafte
14.29%,1,tierhaften
14.29%,1,vernahm
14.29%,1,wiedererkennen
14.29%,1,zeigt
13.33%,2,seiende
13.33%,2,soweit
13.04%,3,abgrund
13.04%,3,grauen
12.50%,1,besteht
12.50%,1,bloßer
12.50%,1,entgegen
12.50%,1,geschenk
12.50%,1,hell
12.50%,1,hilflos
12.50%,1,jedwede
12.50%,1,kehle
12.50%,1,keuschheit
12.50%,1,knie
12.50%,1,rettung
12.50%,1,schreckens
12.50%,1,wachsamkeit
11.32%,6,leere
11.11%,1,auslöschung
11.11%,1,inne
11.11%,1,menschlicher
11.11%,1,rest
11.11%,1,spannte
11.11%,1,stellen
11.11%,1,stolz
11.11%,1,tragend
11.11%,1,überferne
11.11%,1,vermögen
10.53%,2,einzige
10.00%,2,gnade
10.00%,1,auges
10.00%,1,erstarrte
10.00%,1,fallen
10.00%,1,fragen
10.00%,1,gemeint
10.00%,1,herde
10.00%,1,punkt
10.00%,1,sterblichen
10.00%,1,stumme
10.00%,1,verschwindend
10.00%,1,widerhall
9.52%,2,äußersten
9.52%,2,nacktheit
9.09%,1,begleitet
9.09%,1,blind
9.09%,1,gelächter
9.09%,1,hohn
9.09%,1,jenes
9.09%,1,schließen
9.09%,1,überirdischen
9.09%,1,vernichtet
8.70%,2,finsternis
8.33%,1,dürfte
8.33%,1,einziges
8.33%,1,entsetzen
8.33%,1,gelassen
8.33%,1,göttlich
8.33%,1,menschenseele
8.33%,1,ziele
8.00%,2,gehalten
8.00%,2,nehmen
8.00%,2,tier
7.89%,3,schritt
7.69%,3,notwendigkeit
7.69%,3,todes
7.69%,2,letzter
7.69%,2,nämliche
7.69%,1,enthalten
7.69%,1,erkennend
7.69%,1,folgen
7.69%,1,gruft
7.55%,4,angst
7.41%,4,allen
7.23%,6,götter
7.14%,2,neuen
6.90%,2,damals
6.90%,2,gedächtnis
6.90%,2,unsere
6.67%,3,geschah
6.67%,1,erkannt
6.67%,1,grunde
6.67%,1,mal
6.67%,1,regungslos
6.67%,1,tiefsten
6.45%,4,bleibt
6.45%,2,viele
6.25%,2,desto
6.25%,1,darob
6.25%,1,denken
6.25%,1,geist
6.25%,1,möge
6.25%,1,unmittelbar
6.25%,1,wiederkehr
6.15%,4,zurück
6.06%,2,eher
6.06%,2,fenster
5.88%,1,gebrochen
5.88%,1,male
5.88%,1,neuer
5.88%,1,stein
5.88%,1,stummen
5.77%,3,ward
5.56%,1,dienen
5.56%,1,enthüllt
5.56%,1,fluten
5.56%,1,geburt
5.56%,1,genommen
5.56%,1,lauschte
5.56%,1,liegt
5.56%,1,nie
5.56%,1,tiefer
5.56%,1,verhaftet
5.45%,6,aller
5.45%,3,weit
5.26%,3,mag
5.26%,1,geheimnisvoll
5.21%,5,seele
5.13%,2,frage
5.13%,2,überhaupt
5.13%,2,vater
5.00%,2,ersten
5.00%,1,schwer
5.00%,1,wesenheit
4.76%,2,sehen
4.76%,1,alls
4.76%,1,bald
4.76%,1,jahre
4.76%,1,müßte
4.76%,1,stumm
4.69%,3,vermag
4.59%,5,einmal
4.55%,3,lachen
4.55%,2,letzte
4.55%,1,innerhalb
4.55%,1,unsichtbar
4.35%,7,erkenntnis
4.35%,1,wasser
4.17%,2,menschliche
4.17%,1,getan
4.17%,1,hineingehalten
4.00%,1,bett
4.00%,1,einsamkeit
4.00%,1,stehen
4.00%,1,unfähig
4.00%,1,zweite
3.97%,6,kein
3.92%,2,unendlich
3.82%,5,seinem
3.73%,5,dennoch
3.66%,3,letzten
3.57%,2,indes
3.57%,2,ruhe
3.57%,1,klang
3.57%,1,schlaf
3.57%,1,wiedergeburt
3.45%,1,festhalten
3.39%,2,antwort
3.33%,1,brust
3.33%,1,dämmerung
3.33%,1,fühlte
3.33%,1,wunsch
3.26%,3,seines
3.23%,1,außerhalb
3.23%,1,befehl
3.23%,1,lauschen
3.23%,1,trotz
3.17%,2,menschlichen
3.13%,1,schweigen
3.13%,1,verwandelt
3.06%,3,sprache
3.03%,1,nimmermehr
3.02%,12,nichts
3.02%,7,seiner
2.94%,1,begann
2.94%,1,cäsars
2.94%,1,gehört
2.94%,1,stimmen
2.90%,4,uns
2.90%,2,wollen
2.87%,15,zur
2.86%,5,menschen
2.86%,1,ganzen
2.80%,4,stimme
2.78%,1,plötzlich
2.77%,10,ihn
2.70%,2,ach
2.70%,1,große
2.70%,1,oberfläche
2.67%,2,seins
2.61%,4,nacht
2.56%,1,genau
2.56%,1,jede
2.53%,2,je
2.53%,13,ihm
2.50%,1,opfer
2.47%,2,gegen
2.47%,2,licht
2.44%,1,sterben
2.41%,2,bereits
2.34%,13,mehr
2.32%,18,noch
2.31%,4,ihre
2.31%,3,eines
2.31%,3,ob
2.30%,2,wußte
2.27%,2,zugleich
2.27%,1,allem
2.27%,1,irdisch
2.27%,1,tode
2.25%,2,wo
2.22%,3,damit
2.22%,1,ordnung
2.21%,4,wirklichkeit
2.17%,1,geblieben
2.17%,1,gleichnis
2.17%,1,jedoch
2.13%,1,traum
2.08%,2,sondern
2.08%,1,römischen
2.08%,1,tun
2.08%,1,wort
2.07%,7,vor
2.05%,9,oh
2.04%,1,solch
2.03%,3,unter
2.02%,11,aus
1.93%,5,wir
1.92%,1,jener
1.92%,1,leise
1.92%,37,war
1.91%,50,das
1.88%,5,nun
1.85%,2,tod
1.85%,1,lebens
1.83%,2,niemals
1.82%,13,wie
1.79%,1,gleichsam
1.74%,2,dessen
1.72%,4,wenn
1.72%,1,kraft
1.72%,8,für
1.71%,2,sogar
1.69%,1,aufs
1.69%,1,auge
1.69%,1,eigene
1.67%,1,geschehen
1.67%,1,wenig
1.62%,37,in
1.62%,15,als
1.61%,1,erst
1.59%,1,blick
1.59%,1,kam
1.57%,6,eine
1.56%,3,schon
1.56%,1,freilich
1.52%,35,es
1.52%,9,auf
1.52%,2,geworden
1.52%,2,jetzt
1.52%,1,gab
1.51%,12,im
1.49%,1,ihren
1.48%,2,bis
1.47%,2,dieses
1.43%,8,um
1.43%,1,tat
1.42%,2,mein
1.40%,20,dem
1.40%,3,seine
1.39%,3,gewesen
1.38%,66,der
1.37%,1,augen
1.37%,1,hinter
1.36%,4,immer
1.36%,8,hatte
1.36%,25,des
1.32%,1,werde
1.31%,3,durch
1.31%,3,was
1.30%,3,ins
1.29%,3,ohne
1.28%,3,alles
1.27%,6,zum
1.27%,3,waren
1.27%,1,stand
1.24%,7,an
1.22%,1,müssen
1.22%,1,nochmals
1.19%,21,er
1.18%,18,nicht
1.18%,1,kann
1.16%,61,und
1.16%,1,worden
1.14%,1,fast
1.14%,1,neue
1.13%,9,so
1.12%,1,können
1.12%,1,schöpfung
1.12%,1,sollte
1.12%,1,welche
1.12%,2,sind
1.10%,1,ihrem
1.09%,12,ist
1.06%,1,vielleicht
1.04%,3,denn
1.04%,5,da
1.01%,16,sich
0.98%,1,seinen
0.98%,15,den
0.96%,9,ein
0.95%,1,allein
0.93%,3,werden
0.93%,1,weiter
0.92%,1,will
0.91%,2,selbst
0.90%,3,selber
0.90%,3,aber
0.89%,38,die
0.88%,1,muß
0.88%,10,von
0.87%,4,sein
0.85%,2,einer
0.85%,2,sehr
0.85%,1,dann
0.84%,11,sie
0.83%,2,ihrer
0.79%,1,etwas
0.79%,14,zu
0.78%,2,einem
0.77%,1,trotzdem
0.76%,1,bloß
0.75%,1,dieser
0.75%,2,vom
0.74%,1,haben
0.73%,1,am
0.69%,1,keine
0.68%,1,wissen
0.67%,2,ihr
0.65%,2,dies
0.64%,5,ich
0.62%,1,hast
0.59%,4,auch
0.59%,1,weil
0.53%,2,doch
0.44%,1,nach
0.39%,3,daß
0.38%,1,oder
0.37%,1,dir
0.37%,1,ja
0.35%,3,mit
0.32%,1,über
0.31%,1,wurde
0.29%,1,wird
0.22%,1,nur
0.22%,2,du
,1781,TOTAL (Ts)
