Terms Appearing within 50 Words of “[Zz]wischenreich”,,
Portion of All Occurrences,Occurrences,Term
100.00%,4,zwischenreiches
100.00%,3,emporsteigend
100.00%,2,hinabsinken
100.00%,2,heraufgerufen
100.00%,14,zwischenreich
100.00%,1,überlebens
100.00%,1,überhelle
100.00%,1,überflutend
100.00%,1,zurückgeflutet
100.00%,1,wog
100.00%,1,wissenloses
100.00%,1,wesentlicheres
100.00%,1,weltenrandes
100.00%,1,weisender
100.00%,1,weinausgießung
100.00%,1,vorwärtsweisender
100.00%,1,vorwärtsweisende
100.00%,1,vorbeifloß
100.00%,1,verwiesen
100.00%,1,verströmend
100.00%,1,verlorengegangene
100.00%,1,verharrenden
100.00%,1,verharren
100.00%,1,vatererkenntnis
100.00%,1,unverwurzelte
100.00%,1,unsterblichsten
100.00%,1,ungewohnten
100.00%,1,uferschwelle
100.00%,1,tödliche
100.00%,1,tätigkeiten
100.00%,1,trübsichtig
100.00%,1,trennung
100.00%,1,traumschweben
100.00%,1,traumeshoffnung
100.00%,1,todesweihe
100.00%,1,szene
100.00%,1,stärrmordende
100.00%,1,sternschwärmen
100.00%,1,sternendämmerung
100.00%,1,sterbende
100.00%,1,steigender
100.00%,1,seltsamsten
100.00%,1,seligerer
100.00%,1,sehnsuchtsversprechen
100.00%,1,sehnsuchtsgemeinschaft
100.00%,1,schönheitsriten
100.00%,1,schutzspendenden
100.00%,1,schlafwandlerische
100.00%,1,scheinwirkliche
100.00%,1,schauendes
100.00%,1,schattenwerfenden
100.00%,1,ruhespendenden
100.00%,1,quellenfern
100.00%,1,priesterlich
100.00%,1,priesteramtes
100.00%,1,persönlichen
100.00%,1,opferanordnungen
100.00%,1,nähelos
100.00%,1,nochnichtunendlichen
100.00%,1,nochirdische
100.00%,1,nochirdisch
100.00%,1,nebensächliche
100.00%,1,nachttages
100.00%,1,nachtrandes
100.00%,1,nachthoffnung
100.00%,1,mütterlichem
100.00%,1,mündungsfern
100.00%,1,mordgeschwängerter
100.00%,1,menschenmund
100.00%,1,menschengedenken
100.00%,1,lichtumflossenen
100.00%,1,letztendgültige
100.00%,1,lebenserkenntnis
100.00%,1,lauten
100.00%,1,künstlerischer
100.00%,1,klafft
100.00%,1,kaltdunkler
100.00%,1,junos
100.00%,1,hingibt
100.00%,1,hinabgetaucht
100.00%,1,hierbehalten
100.00%,1,herblickte
100.00%,1,heraufgespiegelt
100.00%,1,gleicht
100.00%,1,gewittern
100.00%,1,gewendeten
100.00%,1,getilgt
100.00%,1,gelautet
100.00%,1,fraglich
100.00%,1,fluthorizont
100.00%,1,fernelos
100.00%,1,erfaßte
100.00%,1,enthülltes
100.00%,1,endgültigeres
100.00%,1,emporsteigt
100.00%,1,dämmerschwelle
100.00%,1,dämmerahnender
100.00%,1,durchstrahlte
100.00%,1,dichtungen
100.00%,1,brennenden
100.00%,1,brechung
100.00%,1,betrauerst
100.00%,1,besungener
100.00%,1,beobachtungen
100.00%,1,benetzte
100.00%,1,beistandspendenden
100.00%,1,ausharren
100.00%,1,aufwärtsgestürzt
100.00%,1,aufgeglommenen
100.00%,1,auferstand
100.00%,1,anbrechendas
100.00%,1,allumseelt
100.00%,1,abwarten
100.00%,1,abernein
66.67%,2,zwielicht
66.67%,2,wirklicher
66.67%,2,geflohen
66.67%,2,beruf
60.00%,3,abschiedes
50.00%,2,unzucht
50.00%,2,mütter
50.00%,2,kindische
50.00%,1,zärtlich
50.00%,1,zurückgestürzt
50.00%,1,versammeln
50.00%,1,vermittelnd
50.00%,1,verlohnte
50.00%,1,verharrt
50.00%,1,unterwelt
50.00%,1,ungeschwächt
50.00%,1,umständen
50.00%,1,tiefstem
50.00%,1,tausendfacher
50.00%,1,taugte
50.00%,1,süßen
50.00%,1,stehenden
50.00%,1,rührt
50.00%,1,priester
50.00%,1,nachtgefährten
50.00%,1,nachtgefährte
50.00%,1,lächerliche
50.00%,1,lotsen
50.00%,1,lautete
50.00%,1,heraufgehoben
50.00%,1,gingen
50.00%,1,gespenstig
50.00%,1,gerecht
50.00%,1,gedünkt
50.00%,1,fortzusetzen
50.00%,1,entzückten
50.00%,1,einzugestehen
50.00%,1,eingeflutet
50.00%,1,ebenfalls
50.00%,1,dunkelste
50.00%,1,brechen
50.00%,1,bleiern
50.00%,1,bedrängnis
50.00%,1,aufatmen
50.00%,1,alleinige
37.50%,3,aufbruch
33.33%,3,abschiednehmen
33.33%,2,unverzüglich
33.33%,2,ausgeschlossen
33.33%,1,übertreffen
33.33%,1,ähnlich
33.33%,1,zweiheit
33.33%,1,zurückkehrt
33.33%,1,zeile
33.33%,1,wohnen
33.33%,1,wissendes
33.33%,1,verzweifelten
33.33%,1,verhält
33.33%,1,vergißt
33.33%,1,unangenehm
33.33%,1,süßer
33.33%,1,sängers
33.33%,1,strömens
33.33%,1,strömend
33.33%,1,stolzen
33.33%,1,sonnenaufgang
33.33%,1,schlafes
33.33%,1,scheinleben
33.33%,1,schauende
33.33%,1,röte
33.33%,1,opferflamme
33.33%,1,nehme
33.33%,1,nachthöhle
33.33%,1,kunstwerkes
33.33%,1,herabsinken
33.33%,1,gerüstet
33.33%,1,geh
33.33%,1,flusses
33.33%,1,berührte
33.33%,1,ausnahme
33.33%,1,atmens
33.33%,1,anhebt
33.33%,1,amtes
30.00%,9,dämmerung
30.00%,6,rückkehr
30.00%,3,schwelle
27.27%,3,jenes
25.00%,2,sphäre
25.00%,1,währen
25.00%,1,wohnt
25.00%,1,wiederfinden
25.00%,1,verflossen
25.00%,1,untertan
25.00%,1,todeserkenntnis
25.00%,1,stammte
25.00%,1,sonnenball
25.00%,1,sitzen
25.00%,1,seltsamen
25.00%,1,selten
25.00%,1,scheinwirklichkeit
25.00%,1,scheinopfer
25.00%,1,punkte
25.00%,1,lust
25.00%,1,leises
25.00%,1,lebenden
25.00%,1,inbrunst
25.00%,1,gemeinsames
25.00%,1,freie
25.00%,1,fließend
25.00%,1,erstickt
25.00%,1,erkennens
25.00%,1,dämmernden
25.00%,1,bleiernen
25.00%,1,aufhebung
25.00%,1,allumfassend
25.00%,1,abgelehnt
22.22%,2,dienend
22.22%,2,bruder
22.22%,2,befohlen
20.00%,2,räume
20.00%,2,berührt
20.00%,1,zeigen
20.00%,1,verhielt
20.00%,1,urgrund
20.00%,1,schenken
20.00%,1,keim
20.00%,1,hinausreicht
20.00%,1,heck
20.00%,1,geschaffene
20.00%,1,fährmann
20.00%,1,eurydike
20.00%,1,anzunehmen
18.18%,2,unentrinnbar
17.65%,3,kleiner
17.65%,3,erkennt
16.67%,1,vorbei
16.67%,1,verlorene
16.67%,1,verlieren
16.67%,1,unabänderlichkeit
16.67%,1,unabänderliche
16.67%,1,töne
16.67%,1,jung
16.67%,1,innensicht
16.67%,1,hinten
16.67%,1,helligkeit
16.67%,1,gewagt
16.67%,1,geschieden
16.67%,1,erlaubt
16.67%,1,eigentliche
16.67%,1,brauchen
15.79%,3,abschied
15.38%,6,flucht
15.38%,2,unseres
15.38%,2,hätten
15.38%,2,erstarrung
15.38%,2,erstarrt
15.00%,3,ufer
14.29%,2,weisheit
14.29%,2,schwebenden
14.29%,2,nächtlichen
14.29%,1,weiteres
14.29%,1,unkeuschheit
14.29%,1,schwebt
14.29%,1,schutz
14.29%,1,kälte
14.29%,1,knabenstimme
14.29%,1,heißen
14.29%,1,dient
14.29%,1,arm
13.33%,10,dichtung
12.50%,2,ruhte
12.50%,2,laß
12.50%,2,heißt
12.50%,1,unteren
12.50%,1,umfing
12.50%,1,süße
12.50%,1,kommend
12.50%,1,golden
12.50%,1,erwachen
12.50%,1,dazwischen
12.50%,1,ahnt
11.11%,2,verhaftet
11.11%,1,wirklichen
11.11%,1,vereinzelung
11.11%,1,rufen
11.11%,1,irdisches
11.11%,1,innewohnt
11.11%,1,höhle
11.11%,1,geheiß
11.11%,1,dienst
11.11%,1,ausschließlich
10.53%,2,irdischer
10.00%,4,lange
10.00%,4,keinen
10.00%,2,führer
10.00%,1,werke
10.00%,1,wartend
10.00%,1,vordem
10.00%,1,verwunderlich
10.00%,1,verpflichtet
10.00%,1,unserem
10.00%,1,lebt
10.00%,1,herde
10.00%,1,gestanden
10.00%,1,gelangt
10.00%,1,fragen
10.00%,1,durchsichtige
10.00%,1,bewegt
10.00%,1,beschieden
10.00%,1,aufgehoben
10.00%,1,aufgaben
9.52%,2,leuchten
9.09%,4,tode
9.09%,4,erkennen
9.09%,2,gemeinschaft
9.09%,1,sollst
9.09%,1,schließen
9.09%,1,flut
9.09%,1,dichten
8.70%,2,anders
8.51%,4,traum
8.33%,2,hineingehalten
8.33%,1,unsterblichkeit
8.33%,1,schließt
8.33%,1,meldete
8.33%,1,furcht
8.33%,1,einziges
8.33%,1,bewegte
7.69%,1,wachsenden
7.69%,1,sobald
7.69%,1,nimmer
7.69%,1,jeglichen
7.69%,1,innern
7.69%,1,infolge
7.69%,1,gebannt
7.69%,1,folgen
7.69%,1,entfernung
7.69%,1,blut
7.69%,1,anstrengung
7.50%,3,meinen
7.32%,3,sterben
7.14%,2,schlaf
7.14%,2,groß
7.14%,1,stunde
7.14%,1,gespannt
7.14%,1,gefilde
7.14%,1,bisher
6.90%,2,darin
6.67%,4,unten
6.67%,1,verwehrt
6.67%,1,vernichten
6.67%,1,setzte
6.67%,1,mal
6.67%,1,klarheit
6.67%,1,getrieben
6.67%,1,bereich
6.54%,10,nacht
6.45%,2,äneas
6.45%,2,wirst
6.25%,2,schweigen
6.25%,1,wohin
6.25%,1,werdend
6.25%,1,gemeinsam
6.25%,1,eingebettet
6.06%,2,verse
6.06%,2,eingeschlossen
6.00%,3,oben
5.88%,1,weißt
5.88%,1,voller
5.88%,1,decke
5.71%,2,traumes
5.71%,2,einst
5.56%,1,welch
5.56%,1,nie
5.56%,1,liegt
5.56%,1,liegen
5.56%,1,lichtes
5.56%,1,goldenen
5.44%,8,wissen
5.26%,1,nunmehr
5.26%,1,hieß
5.26%,1,atmen
5.19%,4,ging
5.13%,2,einzigen
5.00%,3,geschehen
5.00%,1,wissend
5.00%,1,unserer
5.00%,1,ring
5.00%,1,musik
5.00%,1,geboren
5.00%,1,fort
4.92%,3,ewig
4.76%,3,raum
4.76%,1,vermochte
4.76%,1,verlassen
4.76%,1,stillstand
4.76%,1,müßte
4.76%,1,einstens
4.69%,6,zwischen
4.69%,3,vermag
4.63%,5,liebe
4.55%,2,warten
4.35%,7,alle
4.35%,3,knaben
4.35%,1,abgrund
4.17%,1,schließlich
4.08%,2,solch
4.00%,2,ihres
4.00%,1,zweite
4.00%,1,schiff
4.00%,1,manchmal
3.85%,1,unendlichen
3.85%,1,hiezu
3.81%,4,mußte
3.77%,2,leere
3.70%,2,worte
3.70%,2,gibt
3.70%,1,unendliche
3.70%,1,tief
3.70%,1,einstmals
3.70%,1,deines
3.65%,5,am
3.57%,1,wiedergeburt
3.57%,1,wahrhaft
3.57%,1,sprechen
3.51%,2,wahrlich
3.51%,2,schatten
3.48%,4,dessen
3.47%,9,wir
3.45%,1,verloren
3.39%,2,hoffnung
3.33%,1,zeiten
3.33%,1,spiegel
3.33%,1,fühlte
3.23%,3,wer
3.23%,2,erst
3.23%,1,lauschen
3.23%,1,kleinen
3.19%,3,nein
3.13%,1,nähe
3.13%,1,göttern
3.13%,1,ab
3.08%,2,darf
3.03%,2,willen
3.01%,4,dieser
2.99%,2,stets
2.94%,1,gehört
2.94%,1,cäsars
2.87%,16,um
2.86%,1,unendlichkeit
2.86%,1,ehe
2.84%,4,mein
2.70%,4,unter
2.70%,2,ach
2.70%,1,spiel
2.70%,1,aufgabe
2.58%,6,ohne
2.56%,3,sogar
2.56%,1,genau
2.56%,1,deinen
2.50%,3,irdischen
2.50%,1,welcher
2.50%,1,tag
2.50%,1,ersten
2.50%,1,einander
2.50%,1,durfte
2.44%,1,mutter
2.44%,1,fahrt
2.38%,1,andern
2.36%,3,etwas
2.33%,1,ferne
2.27%,1,letzte
2.27%,1,irdisch
2.27%,18,so
2.25%,2,welche
2.25%,2,können
2.21%,10,nur
2.21%,3,diese
2.17%,3,uns
2.17%,2,seines
2.17%,1,wirklich
2.17%,1,augenblick
2.13%,2,vielleicht
2.08%,4,schon
2.08%,2,sondern
2.08%,1,tun
2.07%,3,keine
2.05%,9,oh
2.04%,1,weder
2.00%,1,jenseits
1.92%,3,wäre
1.92%,1,tiefe
1.92%,1,lächeln
1.92%,1,keiner
1.92%,1,jener
1.90%,4,mir
1.89%,1,lysanias
1.89%,1,denen
1.87%,5,ja
1.85%,2,tod
1.85%,1,gestalt
1.85%,1,allen
1.83%,2,will
1.83%,2,niemals
1.82%,2,wohl
1.82%,1,lag
1.79%,2,schönheit
1.79%,1,sehnsucht
1.79%,1,indes
1.79%,1,bleiben
1.74%,4,ins
1.73%,3,ihre
1.72%,1,kraft
1.69%,1,ziel
1.69%,1,aufs
1.67%,1,wenig
1.66%,3,wirklichkeit
1.65%,4,ihrer
1.63%,25,nicht
1.59%,1,menschlichen
1.59%,1,außen
1.56%,1,innen
1.54%,1,darum
1.52%,1,gab
1.50%,72,der
1.49%,2,dennoch
1.48%,2,damit
1.48%,2,bis
1.47%,8,aus
1.46%,2,ihnen
1.46%,16,ist
1.45%,1,wollen
1.42%,8,an
1.42%,4,wieder
1.39%,4,denn
1.39%,1,soll
1.37%,2,hätte
1.37%,1,hinter
1.36%,31,in
1.36%,8,hatte
1.35%,1,grenze
1.33%,1,wollte
1.33%,19,dem
1.32%,2,kein
1.32%,1,werde
1.30%,23,er
1.30%,1,diesem
1.29%,10,noch
1.28%,1,würde
1.28%,3,sehr
1.27%,3,waren
1.26%,29,es
1.25%,10,im
1.25%,1,sei
1.24%,19,den
1.23%,1,obwohl
1.22%,1,müssen
1.20%,1,bereits
1.19%,8,auch
1.17%,11,ein
1.16%,1,worden
1.16%,1,hand
1.16%,1,eben
1.14%,60,und
1.14%,21,des
1.14%,1,zugleich
1.14%,1,neue
1.14%,1,fast
1.12%,1,sollte
1.10%,1,welt
1.10%,1,ihrem
1.09%,1,namen
1.09%,1,einheit
1.08%,6,mehr
1.07%,4,doch
1.05%,1,deren
1.04%,1,seele
1.03%,8,daß
1.01%,2,zeit
1.01%,1,bei
0.99%,13,sie
0.98%,1,seinen
0.98%,1,sagte
0.96%,5,zur
0.96%,25,das
0.95%,1,allein
0.95%,3,über
0.94%,1,plotia
0.93%,3,werden
0.92%,1,einmal
0.91%,2,selbst
0.91%,1,aller
0.90%,3,selber
0.88%,10,von
0.87%,4,sein
0.87%,2,dich
0.86%,3,wird
0.86%,4,für
0.85%,2,einer
0.85%,4,zum
0.85%,1,dann
0.84%,1,bist
0.78%,2,einem
0.78%,4,ihm
0.77%,1,trotzdem
0.77%,1,ob
0.77%,1,eines
0.76%,1,jetzt
0.76%,1,bloß
0.75%,32,die
0.74%,1,dieses
0.73%,1,leben
0.73%,13,zu
0.71%,1,cäsar
0.70%,1,stimme
0.68%,1,dein
0.63%,10,sich
0.62%,3,da
0.62%,1,erkenntnis
0.61%,2,wurde
0.61%,1,man
0.59%,2,vor
0.59%,1,weil
0.57%,1,mich
0.57%,1,menschen
0.57%,11,war
0.55%,2,ihn
0.54%,5,du
0.54%,5,als
0.52%,2,eine
0.51%,3,auf
0.50%,2,nichts
0.47%,4,mit
0.46%,1,gewesen
0.44%,1,nach
0.43%,1,seiner
0.43%,1,alles
0.42%,3,wie
0.39%,3,ich
0.37%,1,vom
0.34%,1,ihr
0.33%,1,dies
0.30%,1,aber
,1529,TOTAL (Ts)
